{
	"agcgw_all":{
		"CN":"connect-drcn.dbankcloud.cn",
		"CN_back":"connect-drcn.hispace.hicloud.com",
		"DE":"connect-dre.dbankcloud.cn",
		"DE_back":"connect-dre.hispace.hicloud.com",
		"RU":"connect-drru.hispace.dbankcloud.ru",
		"RU_back":"connect-drru.hispace.dbankcloud.cn",
		"SG":"connect-dra.dbankcloud.cn",
		"SG_back":"connect-dra.hispace.hicloud.com"
	},
	"websocketgw_all":{
		"CN":"connect-ws-drcn.hispace.dbankcloud.cn",
		"CN_back":"connect-ws-drcn.hispace.dbankcloud.com",
		"DE":"connect-ws-dre.hispace.dbankcloud.cn",
		"DE_back":"connect-ws-dre.hispace.dbankcloud.com",
		"RU":"connect-ws-drru.hispace.dbankcloud.ru",
		"RU_back":"connect-ws-drru.hispace.dbankcloud.cn",
		"SG":"connect-ws-dra.hispace.dbankcloud.cn",
		"SG_back":"connect-ws-dra.hispace.dbankcloud.com"
	},
	"client":{
		"cp_id":"10974000020509877",
		"product_id":"388421841221322877",
		"client_id":"1096527680104320832",
		"client_secret":"044FFDBD078E8041CBC6C440B19D8A8DC2141FD49A6CE2B1E75E83EB5DFD8E7A",
		"project_id":"388421841221322877",
		"app_id":"107726093",
		"api_key":"DAEDAA28wtA5wCKUCYfQ5zui59S8joFuCE3kCYtMPOFLgu5cgnbqD3wSx2FIAuWUPMTc9GJFA4QYCN2YAsCHQiM8p52RL851agys/A==",
		"package_name":"com.example.intellicoach"
	},
	"oauth_client":{
		"client_id":"107726093",
		"client_type":1
	},
	"app_info":{
		"app_id":"107726093",
		"package_name":"com.example.intellicoach"
	},
	"configuration_version":"3.0",
	"appInfos":[
		{
			"package_name":"com.example.intellicoach",
			"client":{
				"app_id":"107726093"
			},
			"app_info":{
				"package_name":"com.example.intellicoach",
				"app_id":"107726093"
			},
			"oauth_client":{
				"client_type":1,
				"client_id":"107726093"
			}
		}
	]
}